{
  "name": "Intervention System",
  "build": {
    "dockerfile": "Dockerfile"
  },
  "forwardPorts": [
    5000
  ],
  "portsAttributes": {
    "5000": {
      "label": "Flask app",
      "onAutoForward": "openBrowser"
    }
  },
  "postCreateCommand": "python -m venv .venv && . .venv/bin/activate && pip install -U pip && pip install -r requirements.txt",
  "customizations": {
    "vscode": {
      "extensions": [
        "ms-python.python",
        "ms-python.vscode-pylance"
      ]
    }
  }
}